https://www.taipeitimes.com/News/sport/archives/2023/05/26/2003800465,SPORTS BRIEFS,2023-05-26,Report
https://www.taipeitimes.com/News/sport/archives/2023/05/26/2003800464,Turner played a unique part in rugby league,2023-05-26,Report
https://www.taipeitimes.com/News/taiwan/archives/2023/05/25/2003800416,Taiwan a very special friend: St Lucia deputy PM,2023-05-25,Report
https://www.taipeitimes.com/News/sport/archives/2023/05/24/2003800331,Jokic leads Nuggets to first NBA Finals,2023-05-24,Report
https://www.taipeitimes.com/News/sport/archives/2023/05/23/2003800268,Medvedev shocks himself by winning clay title in Rome,2023-05-23,Report
https://www.taipeitimes.com/News/taiwan/archives/2023/05/22/2003800215,"Burning of rice straw not effective, agency warns",2023-05-22,Report
https://www.taipeitimes.com/News/world/archives/2023/05/21/2003800182,World News Quick Take,2023-05-21,Report
https://www.taipeitimes.com/News/editorials/archives/2023/05/21/2003800146,No more incinerators for Changhua,2023-05-21,Report
https://www.taipeitimes.com/News/sport/archives/2023/05/20/2003800120,"Sevilla oust Juventus, to face Roma",2023-05-20,Report
https://www.taipeitimes.com/News/sport/archives/2023/05/19/2003800067,Djokovic says new tennis generation has arrived,2023-05-19,Report
https://www.taipeitimes.com/News/sport/archives/2023/05/19/2003800066,Airline steps in for Mexican divers,2023-05-19,Report
https://www.taipeitimes.com/News/sport/archives/2023/05/18/2003800012,SPORTS BRIEFS,2023-05-18,Report
https://www.taipeitimes.com/News/sport/archives/2023/05/18/2003800010,Moroccan nomads keep alive sport of sand hockey,2023-05-18,Report
https://www.taipeitimes.com/News/sport/archives/2023/05/17/2003799943,Mexico takes pride in swim team after cutting cash,2023-05-17,Report
https://www.taipeitimes.com/News/world/archives/2023/05/16/2003799889,Indian girl gamers fight keyboard warriors,2023-05-16,Report
https://www.taipeitimes.com/News/sport/archives/2023/05/14/2003799762,Djokovic battles past Etcheverry in Rome,2023-05-14,Report
https://www.taipeitimes.com/News/sport/archives/2023/05/13/2003799712,Gattis last-gasp goal frustrates Sevilla in Turin,2023-05-13,Report
https://www.taipeitimes.com/News/sport/archives/2023/05/11/2003799587,Nearly wiped out Cambodian martial art hits SEA Games,2023-05-11,Report
https://www.taipeitimes.com/News/world/archives/2023/05/09/2003799459,Greens struggle to be heard amid Thailands smog,2023-05-09,Report
https://www.taipeitimes.com/News/taiwan/archives/2023/05/09/2003799442,Easing pesticide residue ban on imports opposed,2023-05-09,Report
https://www.taipeitimes.com/News/sport/archives/2023/05/09/2003799436,Verstappen powers to win Miami again,2023-05-09,Report
https://www.taipeitimes.com/News/front/archives/2023/05/09/2003799433,Rainwater samples collected in Hsinchu were most acidic in the nation last year,2023-05-09,Report
https://www.taipeitimes.com/News/sport/archives/2023/05/07/2003799313,SPORTS BRIEFS,2023-05-07,Report
https://www.taipeitimes.com/News/editorials/archives/2023/05/07/2003799301,A world of unwelcome replays,2023-05-07,Report
https://www.taipeitimes.com/News/taiwan/archives/2023/05/06/2003799268,Sports agenda,2023-05-06,Report
https://www.taipeitimes.com/News/sport/archives/2023/05/05/2003799186,US sprinter and Olympic medalist Tori Bowie dies,2023-05-05,Report
https://www.taipeitimes.com/News/sport/archives/2023/05/03/2003799039,SPORTS BRIEFS,2023-05-03,Report
https://www.taipeitimes.com/News/sport/archives/2023/05/01/2003798917,SPORTS BRIEFS,2023-05-01,Report
https://www.taipeitimes.com/News/world/archives/2023/04/29/2003798829,Temperatures hit record April highs across Asia,2023-04-29,Report
https://www.taipeitimes.com/News/editorials/archives/2023/04/28/2003798731,Tackling air pollution is a must,2023-04-28,Report
https://www.taipeitimes.com/News/sport/archives/2023/04/27/2003798685,Indigenous Games celebrate culture in Brazil,2023-04-27,Report
https://www.taipeitimes.com/News/sport/archives/2023/04/27/2003798684,Villa up to 5th as Foxes hold Leeds,2023-04-27,Report
https://www.taipeitimes.com/News/taiwan/archives/2023/04/25/2003798574,Doctor warns of skin damage from pollution,2023-04-25,Report
https://www.taipeitimes.com/News/front/archives/2023/04/25/2003798565,"NHRI, 11 hospitals form an alliance and launch nationwide health survey",2023-04-25,Report
https://www.taipeitimes.com/News/taiwan/archives/2023/04/24/2003798513,Lawmaker calls for light-pollution laws,2023-04-24,Report
https://www.taipeitimes.com/News/sport/archives/2023/04/24/2003798506,Hollywood stars speechless for once as Wrexham reach English Football League,2023-04-24,Report
https://www.taipeitimes.com/News/sport/archives/2023/04/24/2003798505,OSullivan thrashes Vafaei in grudge match,2023-04-24,Report
https://www.taipeitimes.com/News/sport/archives/2023/04/21/2003798347,Elderly Japanese revel in SFL league,2023-04-21,Report
https://www.taipeitimes.com/News/sport/archives/2023/04/21/2003798346,Inter set up semi against Milan; Bayern ousted,2023-04-21,Report
https://www.taipeitimes.com/News/taiwan/archives/2023/04/20/2003798292,Water sport,2023-04-20,Report
https://www.taipeitimes.com/News/taiwan/archives/2023/04/20/2003798283,"Researchers find PM2.5 pollution, lung cancer links",2023-04-20,Report
https://www.taipeitimes.com/News/sport/archives/2023/04/20/2003798275,Real Madrid cruise into Champions semis,2023-04-20,Report
https://www.taipeitimes.com/News/sport/archives/2023/04/19/2003798212,Street cricket in Pakistan comes to life after dark,2023-04-19,Report
https://www.taipeitimes.com/News/taiwan/archives/2023/04/18/2003798155,Subsidized lung cancer screening offered in Taipei,2023-04-18,Report
https://www.taipeitimes.com/News/biz/archives/2023/04/18/2003798122,Motoring,2023-04-18,Report
https://www.taipeitimes.com/News/sport/archives/2023/04/17/2003798084,SPORTS BRIEFS,2023-04-17,Report
https://www.taipeitimes.com/News/sport/archives/2023/04/17/2003798081,WTAs return highlights Chinas power over sport,2023-04-17,Report
https://www.taipeitimes.com/News/sport/archives/2023/04/16/2003798030,"Dallas fined US$750,000 after benching five stars",2023-04-16,Report
https://www.taipeitimes.com/News/sport/archives/2023/04/13/2003797840,LeBron leads Lakers into playoffs in tight thriller,2023-04-13,Report
https://www.taipeitimes.com/News/sport/archives/2023/04/13/2003797839,Man City make mark against Bayern,2023-04-13,Report
https://www.taipeitimes.com/News/world/archives/2023/04/12/2003797798,World News Quick Take,2023-04-12,Report
https://www.taipeitimes.com/News/taiwan/archives/2023/04/12/2003797778,Sports and gender equality forum to be held in May,2023-04-12,Report
https://www.taipeitimes.com/News/world/archives/2023/04/10/2003797654,Indias Adivasi call for land rights amid tiger project,2023-04-10,Report
https://www.taipeitimes.com/News/sport/archives/2023/04/09/2003797588,Kasatkina frowns on trash-talking between players,2023-04-09,Report
https://www.taipeitimes.com/News/world/archives/2023/04/08/2003797561,Orbiting North American pollution tracker launched,2023-04-08,Report
https://www.taipeitimes.com/News/world/archives/2023/04/08/2003797554,"Thai city chokes on pollution, workers told to stay home",2023-04-08,Report
https://www.taipeitimes.com/News/sport/archives/2023/04/05/2003797348,British boxer Khan banned for two years by UKAD for failing drug test,2023-04-05,Report
https://www.taipeitimes.com/News/sport/archives/2023/04/05/2003797347,Intelligence operatives hunt for match-fixers,2023-04-05,Report
https://www.taipeitimes.com/News/sport/archives/2023/04/05/2003797346,Ex-Wales winger Dafydd James reveals dementia fight,2023-04-05,Report
https://www.taipeitimes.com/News/lang/archives/2023/04/05/2003797318,ENGLISH DIGEST ,2023-04-05,Report
https://www.taipeitimes.com/News/world/archives/2023/04/03/2003797248,Paris votes on whether to ban electric scooters for hire,2023-04-03,Report
https://www.taipeitimes.com/News/world/archives/2023/04/01/2003797137,Forest fires degrade air quality in north Thailand,2023-04-01,Report
https://www.taipeitimes.com/News/world/archives/2023/03/30/2003797011,Libyan Berbers revive their language,2023-03-30,Report
https://www.taipeitimes.com/News/sport/archives/2023/03/30/2003796992,IOC backs return of Russian athletes as individual neutrals,2023-03-30,Report
https://www.taipeitimes.com/News/sport/archives/2023/03/30/2003796990,Ohtani tops MLB pay list with record US$65 million,2023-03-30,Report
https://www.taipeitimes.com/News/sport/archives/2023/03/29/2003796921,South Africa grannies take to the soccer field,2023-03-29,Report
https://www.taipeitimes.com/News/sport/archives/2023/03/29/2003796920,Japanese boxing champion Murata retires from sport,2023-03-29,Report
https://www.taipeitimes.com/News/sport/archives/2023/03/29/2003796919,Indonesias Israel stance sows soccer chaos,2023-03-29,Report
https://www.taipeitimes.com/News/world/archives/2023/03/28/2003796881,Residents protest zip line on Rios iconic mountain,2023-03-28,Report
https://www.taipeitimes.com/News/sport/archives/2023/03/25/2003796702,Transgender women banned from female events in athletics,2023-03-25,Report
https://www.taipeitimes.com/News/editorials/archives/2023/03/25/2003796689,Baseball win a triumph for Japans soft power,2023-03-25,Report
https://www.taipeitimes.com/News/world/archives/2023/03/23/2003796611,World News Quick Take,2023-03-23,Report
https://www.taipeitimes.com/News/sport/archives/2023/03/23/2003796585,New Zealand bans runner Robertson 8 years for doping,2023-03-23,Report
https://www.taipeitimes.com/News/sport/archives/2023/03/23/2003796581,"Ohtani fans Trout, Japan top US 3-2",2023-03-23,Report
https://www.taipeitimes.com/News/sport/archives/2023/03/22/2003796525,Egyptian womens hockey team uphold an ancient mantle,2023-03-22,Report
https://www.taipeitimes.com/News/editorials/archives/2023/03/21/2003796451,"Recycling chicken poop sounds great, unless you live next door",2023-03-21,Report
https://www.taipeitimes.com/News/sport/archives/2023/03/19/2003796353,Female sumo wrestlers breaking prejudice in Brazil,2023-03-19,Report
https://www.taipeitimes.com/News/feat/archives/2023/03/19/2003796345,Taiwan in Time: Taiwans Iron-blooded Drillmaster of the diamond,2023-03-19,Report
https://www.taipeitimes.com/News/sport/archives/2023/03/18/2003796305,Experts praise performance of Taiwan at WBC,2023-03-18,Report
https://www.taipeitimes.com/News/sport/archives/2023/03/17/2003796248,SPORTS BRIEFS,2023-03-17,Report
https://www.taipeitimes.com/News/sport/archives/2023/03/15/2003796126,High jump legend Fosbury dies at 76,2023-03-15,Report
https://www.taipeitimes.com/News/sport/archives/2023/03/14/2003796065,Australia storm to WBC quarters,2023-03-14,Report
https://www.taipeitimes.com/News/sport/archives/2023/03/11/2003795913,"Czech firefighters, teachers not scared of Ohtani, Japan",2023-03-11,Report
https://www.taipeitimes.com/News/sport/archives/2023/03/09/2003795777,Traditional boxing packs a punch in Myanmar,2023-03-09,Report
https://www.taipeitimes.com/News/world/archives/2023/03/07/2003795667,Hang tight,2023-03-07,Report
https://www.taipeitimes.com/News/world/archives/2023/03/07/2003795659,Indonesia to tighten used shoe import controls after report,2023-03-07,Report
https://www.taipeitimes.com/News/biz/archives/2023/03/06/2003795546,Volkswagens Scout plans to build US$2bn US plant,2023-03-06,Report
https://www.taipeitimes.com/News/sport/archives/2023/03/04/2003795458,Singapore master the forbidden zone,2023-03-04,Report
https://www.taipeitimes.com/News/sport/archives/2023/03/03/2003795387,SPORTS BRIEFS,2023-03-03,Report
https://www.taipeitimes.com/News/sport/archives/2023/03/03/2003795386,Mick Schumacher shuns Drive to Survive,2023-03-03,Report
https://www.taipeitimes.com/News/sport/archives/2023/03/03/2003795385,Womens sport winner as money pours into cricket,2023-03-03,Report
https://www.taipeitimes.com/News/sport/archives/2023/03/02/2003795318,SPORTS BRIEFS,2023-03-02,Report
https://www.taipeitimes.com/News/world/archives/2023/02/28/2003795201,Cockfighting still popular blood sport in southern Iraq,2023-02-28,Report
https://www.taipeitimes.com/News/sport/archives/2023/02/28/2003795179,SPORTS BRIEFS,2023-02-28,Report
https://www.taipeitimes.com/News/biz/archives/2023/02/24/2003794927,Mercedes enlists Googles help in hunt for billion-dollar software windfall,2023-02-24,Report
https://www.taipeitimes.com/News/taiwan/archives/2023/02/23/2003794891,HK and Macau travelers ready for taste of Taiwan,2023-02-23,Report
https://www.taipeitimes.com/News/sport/archives/2023/02/23/2003794887,SPORTS BRIEFS,2023-02-23,Report
https://www.taipeitimes.com/News/sport/archives/2023/02/23/2003794886,Petition seeks to recognize hockeys 1st black pro coach,2023-02-23,Report
https://www.taipeitimes.com/News/sport/archives/2023/02/22/2003794825,All Blacks coach beams as his daughter Michaela makes her New Zealand debut,2023-02-22,Report
https://www.taipeitimes.com/News/sport/archives/2023/02/22/2003794822,"No clarity, no Russia at Games: nations",2023-02-22,Report
https://www.taipeitimes.com/News/taiwan/archives/2023/02/20/2003794699,"Smog, low visibility and poor air quality recorded yesterday",2023-02-20,Report
https://www.taipeitimes.com/News/editorials/archives/2023/02/20/2003794674,Closing the eco gender gap,2023-02-20,Report
https://www.taipeitimes.com/News/lang/archives/2023/02/20/2003794661,ANALYTICAL ENGLISH ,2023-02-20,Report
https://www.taipeitimes.com/News/sport/archives/2023/02/19/2003794637,Qatari sheikh and British billionaire vie for United,2023-02-19,Report
https://www.taipeitimes.com/News/sport/archives/2023/02/18/2003794578,"Barcelona, United draw thriller",2023-02-18,Report
https://www.taipeitimes.com/News/sport/archives/2023/02/17/2003794515,Brazilian Calderano taking on Chinese at table tennis,2023-02-17,Report
https://www.taipeitimes.com/News/sport/archives/2023/02/16/2003794446,Finance worker stuns in ATP Tour main draw debut,2023-02-16,Report
https://www.taipeitimes.com/News/sport/archives/2023/02/16/2003794444,How J.League has propelled soccer in Japan,2023-02-16,Report
https://www.taipeitimes.com/News/biz/archives/2023/02/16/2003794416,Volvo and local partners set sights on luxury bus business,2023-02-16,Report
https://www.taipeitimes.com/News/sport/archives/2023/02/14/2003794318,Taiwanese duo win doubles at WTT Contender Amman,2023-02-14,Report
https://www.taipeitimes.com/News/sport/archives/2023/02/14/2003794315,"IOC is not on wrong side of history on Russia and Belarus, Bach says",2023-02-14,Report
https://www.taipeitimes.com/News/sport/archives/2023/02/12/2003794209,SPORTS BRIEFS,2023-02-12,Report
https://www.taipeitimes.com/News/sport/archives/2023/02/12/2003794206,Russian athletes face Olympics ban,2023-02-12,Report
https://www.taipeitimes.com/News/sport/archives/2023/02/11/2003794155,Club Cup final a sign of Saudi Arabian progress,2023-02-11,Report
https://www.taipeitimes.com/News/sport/archives/2023/02/08/2003793952,SPORTS BRIEFS,2023-02-08,Report
https://www.taipeitimes.com/News/sport/archives/2023/02/08/2003793950,Female rodeo bull riders buck tradition in Nicaragua,2023-02-08,Report
https://www.taipeitimes.com/News/sport/archives/2023/02/05/2003793752,Perez says drivers in F1 should have free speech,2023-02-05,Report
https://www.taipeitimes.com/News/sport/archives/2023/02/04/2003793697,Poland expects 40 nations to oppose Russian athletes at Olympic Games,2023-02-04,Report
https://www.taipeitimes.com/News/biz/archives/2023/02/04/2003793669,"Fubon, Fulgent Sun ink US$83m syndicated loan",2023-02-04,Report
https://www.taipeitimes.com/News/sport/archives/2023/02/03/2003793630,FIFA is urged to empower women in World Cup deals,2023-02-03,Report
https://www.taipeitimes.com/News/sport/archives/2023/02/03/2003793629,Tom Brady announces his retirement from the NFL,2023-02-03,Report
https://www.taipeitimes.com/News/sport/archives/2023/02/02/2003793558,NASCAR bans Chastains wall hug,2023-02-02,Report
https://www.taipeitimes.com/News/sport/archives/2023/02/01/2003793494,SPORTS BRIEFS,2023-02-01,Report
https://www.taipeitimes.com/News/sport/archives/2023/02/01/2003793491,Worlds best surfers launch tour at Pipeline,2023-02-01,Report
https://www.taipeitimes.com/News/editorials/archives/2023/02/01/2003793476,TSMC turning its back on its pledge,2023-02-01,Report
https://www.taipeitimes.com/News/lang/archives/2023/02/01/2003793458,ENGLISH DIGEST ,2023-02-01,Report
https://www.taipeitimes.com/News/sport/archives/2023/01/31/2003793422,"Acura, Castroneves win in Daytona as hybrid era begins",2023-01-31,Report
https://www.taipeitimes.com/News/taiwan/archives/2023/01/29/2003793310,FEATURE: Taiwan sports fans clamor for memorabilia,2023-01-29,Report
https://www.taipeitimes.com/News/sport/archives/2023/01/29/2003793306,Brazil open the door to breaking foreign coach taboo,2023-01-29,Report
https://www.taipeitimes.com/News/sport/archives/2023/01/28/2003793263,US Soccer crisis deepens as top team officials quit,2023-01-28,Report
https://www.taipeitimes.com/News/sport/archives/2023/01/28/2003793258,Ukrainian minister says nation could boycott Olympics,2023-01-28,Report
https://www.taipeitimes.com/News/sport/archives/2023/01/27/2003793217,Cuba picks 5 MLB affiliated players for World Classic,2023-01-27,Report
https://www.taipeitimes.com/News/biz/archives/2023/01/27/2003793197,UK to subsidize domestic chip sector,2023-01-27,Report
https://www.taipeitimes.com/News/world/archives/2023/01/26/2003793191,World News Quick Take,2023-01-26,Report
https://www.taipeitimes.com/News/sport/archives/2023/01/26/2003793171,Indian hockey dreams of return to glory days,2023-01-26,Report
https://www.taipeitimes.com/News/sport/archives/2023/01/23/2003793040,"Limping Mahomes and Chiefs hold off Jaguars, Eagles cruise past the Giants",2023-01-23,Report
https://www.taipeitimes.com/News/front/archives/2023/01/23/2003793032,Taipower aims to increase coal storage,2023-01-23,Report
https://www.taipeitimes.com/News/sport/archives/2023/01/22/2003793000,Indian wrestlers call off their protest,2023-01-22,Report
https://www.taipeitimes.com/News/sport/archives/2023/01/21/2003792949,Australian Open boss defends Murrays 4am finish,2023-01-21,Report
https://www.taipeitimes.com/News/sport/archives/2023/01/17/2003792736,Leopards record 10th consecutive T1 loss,2023-01-17,Report
https://www.taipeitimes.com/News/taiwan/archives/2023/01/16/2003792698,Sport prowess,2023-01-16,Report
https://www.taipeitimes.com/News/sport/archives/2023/01/16/2003792683,Retiring Stosur too passionate to walk away from tennis,2023-01-16,Report
https://www.taipeitimes.com/News/sport/archives/2023/01/16/2003792681,City fume over VAR in loss to United,2023-01-16,Report
https://www.taipeitimes.com/News/world/archives/2023/01/13/2003792542,Asthma study sparks debate over safety of gas stoves,2023-01-13,Report
https://www.taipeitimes.com/News/taiwan/archives/2023/01/12/2003792455,EPA proposes rule changes targeting open-air stockpiles,2023-01-12,Report
https://www.taipeitimes.com/News/sport/archives/2023/01/12/2003792447,"Al-Attiyah on course for Dakar victory, spectator dies",2023-01-12,Report
https://www.taipeitimes.com/News/editorials/archives/2023/01/12/2003792430,EDITORIAL: Public health needs prioritizing,2023-01-12,Report
https://www.taipeitimes.com/News/sport/archives/2023/01/11/2003792389,NWSL bans four womens coaches for life over abuse,2023-01-11,Report
https://www.taipeitimes.com/News/sport/archives/2023/01/11/2003792387,Drivers must not use F1 for personal agenda: FIA,2023-01-11,Report
https://www.taipeitimes.com/News/sport/archives/2023/01/11/2003792386,Australian club receives record fine for fan chaos,2023-01-11,Report
https://www.taipeitimes.com/News/sport/archives/2023/01/11/2003792384,Gareth Bale calls time on glittering career,2023-01-11,Report
https://www.taipeitimes.com/News/feat/archives/2023/01/11/2003792377,Environmental Impact Assessment: How to clean up clean energys piles of waste,2023-01-11,Report
https://www.taipeitimes.com/News/editorials/archives/2023/01/08/2003792184,Tainans air might get even worse,2023-01-08,Report
https://www.taipeitimes.com/News/sport/archives/2023/01/06/2003792083,College football seeks internationalization,2023-01-06,Report
https://www.taipeitimes.com/News/sport/archives/2023/01/05/2003792019,Pele buried in city he made famous,2023-01-05,Report
https://www.taipeitimes.com/News/biz/archives/2023/01/05/2003791999,Apples slide topples last stock in club of firms with US$2 trillion valuation,2023-01-05,Report
https://www.taipeitimes.com/News/biz/archives/2023/01/05/2003791992,ITRI to unveil new gadgets at CES show in Las Vegas,2023-01-05,Report
https://www.taipeitimes.com/News/sport/archives/2023/01/03/2003791892,"Nadal loses as Swiatek, Tsitsipas cruise",2023-01-03,Report
https://www.taipeitimes.com/News/feat/archives/2023/01/02/2003791821,Notes from Central Taiwan: Taiwans traffic doesnt have to be hell,2023-01-02,Report
https://www.taipeitimes.com/News/feat/archives/2023/01/01/2003791769,Taiwan in Time: Soccer madness in the Japanese era,2023-01-01,Report
https://www.taipeitimes.com/News/sport/archives/2022/12/31/2003791727,Soccer legend Pele dies aged 82,2022-12-31,Report
https://www.taipeitimes.com/News/taiwan/archives/2022/12/29/2003791622,Unhealthy air days drop nearly 75% from last year: EPA,2022-12-29,Report
https://www.taipeitimes.com/News/feat/archives/2022/12/28/2003791544,Environmental Impact Assessment: What makes a university green?,2022-12-28,Report
https://www.taipeitimes.com/News/sport/archives/2022/12/26/2003791419,SPORTS BRIEFS,2022-12-26,Report
https://www.taipeitimes.com/News/world/archives/2022/12/24/2003791319,Ex-Philippine police charged in cockfight kidnappings,2022-12-24,Report
https://www.taipeitimes.com/News/taiwan/archives/2022/12/24/2003791306,"Chiayi uses drones, AI to detect illegal burning of crops",2022-12-24,Report
https://www.taipeitimes.com/News/sport/archives/2022/12/24/2003791301,Italian rugby club suspend player over racist present,2022-12-24,Report
https://www.taipeitimes.com/News/biz/archives/2022/12/24/2003791279,Tesla offers rare discounts on top-selling models,2022-12-24,Report
https://www.taipeitimes.com/News/world/archives/2022/12/23/2003791262,Spanish legislators vote on transgender bill,2022-12-23,Report
https://www.taipeitimes.com/News/world/archives/2022/12/23/2003791258,"Arderns faux pas raises US$63,250 for charity",2022-12-23,Report
https://www.taipeitimes.com/News/editorials/archives/2022/12/23/2003791221,The Liberty Times Editorial: Living hell traffic hinders tourism,2022-12-23,Report
https://www.taipeitimes.com/News/world/archives/2022/12/22/2003791187,"Circus offers Ethiopia youth discipline, hope",2022-12-22,Report
https://www.taipeitimes.com/News/feat/archives/2022/12/21/2003791088,Scientists: Atmospheric carbon might turn lakes more acidic,2022-12-21,Report
https://www.taipeitimes.com/News/biz/archives/2022/12/20/2003791014,Diesel truck tax-cut bill approved by committee,2022-12-20,Report
https://www.taipeitimes.com/News/sport/archives/2022/12/19/2003790985,Cuba rushes to build female boxing team,2022-12-19,Report
https://www.taipeitimes.com/News/sport/archives/2022/12/19/2003790983,"Womens World Cup safe, despite violence: soccer head",2022-12-19,Report
https://www.taipeitimes.com/News/editorials/archives/2022/12/18/2003790916,Climate change is making us sick,2022-12-18,Report
https://www.taipeitimes.com/News/biz/archives/2022/12/18/2003790903,India aims to harness the market to cut air pollution,2022-12-18,Report
https://www.taipeitimes.com/News/editorials/archives/2022/12/17/2003790859,"Naysayers hold soccer back, but it could help",2022-12-17,Report
https://www.taipeitimes.com/News/sport/archives/2022/12/16/2003790810,Legal adviser sides with UEFA in Super League case,2022-12-16,Report
https://www.taipeitimes.com/News/sport/archives/2022/12/16/2003790806,"Kylian Mbappe, France make final",2022-12-16,Report
https://www.taipeitimes.com/News/front/archives/2022/12/16/2003790802,Army to add new troop fitness assessments next year,2022-12-16,Report
https://www.taipeitimes.com/News/sport/archives/2022/12/15/2003790752,SPORTS BRIEFS,2022-12-15,Report
https://www.taipeitimes.com/News/editorials/archives/2022/12/15/2003790736,[ LETTER ] Addressing traffic woes,2022-12-15,Report
https://www.taipeitimes.com/News/sport/archives/2022/12/14/2003790692,SPORTS BRIEFS,2022-12-14,Report
https://www.taipeitimes.com/News/lang/archives/2022/12/13/2003790595,Is ChatGPT the start of the AI revolution? ChatGPT     ,2022-12-13,Report
https://www.taipeitimes.com/News/sport/archives/2022/12/12/2003790569,Kenyas Masai swap lions for sports,2022-12-12,Report
https://www.taipeitimes.com/News/editorials/archives/2022/12/12/2003790560,"Want your country to thrive? Give geniuses a universal 
basic income",2022-12-12,Report
https://www.taipeitimes.com/News/sport/archives/2022/12/11/2003790522,Para surf hopefuls eye Los Angeles Olympics,2022-12-11,Report
https://www.taipeitimes.com/News/sport/archives/2022/12/10/2003790469,Dwight Howard helps raise NT$3m on his birthday,2022-12-10,Report
https://www.taipeitimes.com/News/sport/archives/2022/12/10/2003790467,France brace for showdown with England in desert,2022-12-10,Report
https://www.taipeitimes.com/News/sport/archives/2022/12/08/2003790336,Hockeys history reveals its non-white pioneers,2022-12-08,Report
https://www.taipeitimes.com/News/sport/archives/2022/12/08/2003790334,"IOC warns Afghanistan over womens sports, Games",2022-12-08,Report
https://www.taipeitimes.com/News/sport/archives/2022/12/08/2003790333,Legendary boxing ref Mills Lane dies aged 85,2022-12-08,Report
https://www.taipeitimes.com/News/editorials/archives/2022/12/08/2003790316,War risk spotlights energy security,2022-12-08,Report
https://www.taipeitimes.com/News/sport/archives/2022/12/07/2003790263,Boxing powerhouse Cuba lets women fight,2022-12-07,Report
https://www.taipeitimes.com/News/editorials/archives/2022/12/05/2003790124,"From the Amazon to Australia, 
your money is funding Earths destruction",2022-12-05,Report
https://www.taipeitimes.com/News/biz/archives/2022/12/05/2003790113,"Taiwan, Slovakia sign MOUs on bilateral trade",2022-12-05,Report
https://www.taipeitimes.com/News/taiwan/archives/2022/12/04/2003790083,FEATURE: Lucky cap wearer a celebrity in Taiwan,2022-12-04,Report
https://www.taipeitimes.com/News/biz/archives/2022/12/04/2003790054,"US company turning air pollution into fuel, bottles and dresses",2022-12-04,Report
https://www.taipeitimes.com/News/taiwan/archives/2023/10/03/2003807144,US official to speak at defense forum,2023-10-03,Report
https://www.taipeitimes.com/News/taiwan/archives/2023/10/03/2003807142,Double Ten outfits designs rooted in Taiwans trees,2023-10-03,Report
https://www.taipeitimes.com/News/taiwan/archives/2023/10/03/2003807141,Ma rejects Double Ten invite over name,2023-10-03,Report
https://www.taipeitimes.com/News/sport/archives/2023/10/03/2003807131,Team Europe reclaim Ryder Cup,2023-10-03,Report
https://www.taipeitimes.com/News/front/archives/2023/10/03/2003807127,Taiwanese bag three more golds at Asian Games,2023-10-03,Report
https://www.taipeitimes.com/News/editorials/archives/2023/10/03/2003807118,Hou sows doubt in KMT on US trip,2023-10-03,Report
https://www.taipeitimes.com/News/taiwan/archives/2023/10/02/2003807105,Ma rejects National Day invite over Taiwan,2023-10-02,Report
https://www.taipeitimes.com/News/taiwan/archives/2023/10/02/2003807094,Museum celebrates dyeing techniques of Indonesia,2023-10-02,Report
https://www.taipeitimes.com/News/front/archives/2023/10/02/2003807077,"Speedskaters, basketball team add to gold medal tally",2023-10-02,Report
https://www.taipeitimes.com/News/front/archives/2023/10/02/2003807075,Taiwan-US defense meeting launches,2023-10-02,Report
https://www.taipeitimes.com/News/feat/archives/2023/10/02/2003807074,Taiwans young men adrift,2023-10-02,Report
https://www.taipeitimes.com/News/biz/archives/2023/10/02/2003807065,E.SUN held ESG Initiative for the third time and committed to presenting A better Taiwan to the World,2023-10-02,Report
https://www.taipeitimes.com/News/sport/archives/2023/10/01/2003807037,Yemenis united at the Asian Games,2023-10-01,Report
https://www.taipeitimes.com/News/front/archives/2023/10/01/2003807031,Taiwan skaters finish 1-2 at the Asian Games,2023-10-01,Report
https://www.taipeitimes.com/News/feat/archives/2023/10/01/2003807029,Hong Kong police step up surveillance to tame activists,2023-10-01,Report
https://www.taipeitimes.com/News/editorials/archives/2023/10/01/2003807025,We should retire acts of God  most disasters  are human-made,2023-10-01,Report
https://www.taipeitimes.com/News/taiwan/archives/2023/09/30/2003807005,Former Australian PM Scott Morrison to visit Taiwan,2023-09-30,Report
https://www.taipeitimes.com/News/taiwan/archives/2023/09/30/2003807001,Narwhal submarine to boost Taiwans defense: expert,2023-09-30,Report
https://www.taipeitimes.com/News/front/archives/2023/09/30/2003806986,Taiwans Hsu and Jung strike gold in Hangzhou,2023-09-30,Report
https://www.taipeitimes.com/News/biz/archives/2023/09/30/2003806971,Evergrande sold yacht in debt revamp: sources,2023-09-30,Report
https://www.taipeitimes.com/News/taiwan/archives/2023/09/29/2003806965,TPP suggests poll to decide opposition ticket,2023-09-29,Report
https://www.taipeitimes.com/News/taiwan/archives/2023/09/29/2003806958,Keeping the faith,2023-09-29,Report
https://www.taipeitimes.com/News/taiwan/archives/2023/09/29/2003806956,US official lauds ties with Taiwan on cybersecurity,2023-09-29,Report
https://www.taipeitimes.com/News/taiwan/archives/2023/09/29/2003806955,Lai vows to prioritize female vice president,2023-09-29,Report
https://www.taipeitimes.com/News/sport/archives/2023/09/29/2003806946,Rally champ wins shooting medals in China,2023-09-29,Report
https://www.taipeitimes.com/News/front/archives/2023/09/29/2003806940,Taiwan wins first-ever gold in go at Asian Games,2023-09-29,Report
https://www.taipeitimes.com/News/front/archives/2023/09/29/2003806939,Tsai hails first indigenous sub launch,2023-09-29,Report
https://www.taipeitimes.com/News/biz/archives/2023/09/29/2003806925,E.SUN held ESG Initiative for the third time and committed to presenting A better Taiwan to the World,2023-09-29,Report
https://www.taipeitimes.com/News/biz/archives/2023/09/29/2003806924,"Google Pixel Japan sales rise, Apples slow",2023-09-29,Report
https://www.taipeitimes.com/News/biz/archives/2023/09/29/2003806923,"Meta putting AI in smart glasses, assistants, more",2023-09-29,Report
https://www.taipeitimes.com/News/taiwan/archives/2023/09/28/2003806898,CCP using Matsu visit for united front work: party,2023-09-28,Report
https://www.taipeitimes.com/News/sport/archives/2023/09/28/2003806897,Sprinters in Delhi flee after doping officials arrive,2023-09-28,Report
https://www.taipeitimes.com/News/sport/archives/2023/09/28/2003806894,Taiwan card player bridges yawning generation gap,2023-09-28,Report
https://www.taipeitimes.com/News/front/archives/2023/09/28/2003806890,"Fire at wedding in Iraq kills 100, with toll expected to rise",2023-09-28,Report
https://www.taipeitimes.com/News/lang/archives/2023/09/28/2003806866,GO: EASY CHINESE GO,2023-09-28,Report
https://www.taipeitimes.com/News/world/archives/2023/09/27/2003806865,Hundreds dead from dengue fever in Sudan: medics,2023-09-27,Report
https://www.taipeitimes.com/News/world/archives/2023/09/27/2003806861,"S Korea stages military parade, cautions N Korea",2023-09-27,Report
https://www.taipeitimes.com/News/taiwan/archives/2023/09/27/2003806858,Double Ten run,2023-09-27,Report
https://www.taipeitimes.com/News/taiwan/archives/2023/09/27/2003806853,"COVID-19 cases expected to rise in fall, CDC says",2023-09-27,Report
https://www.taipeitimes.com/News/taiwan/archives/2023/09/27/2003806849,KMT nominee vows to boost farmers monthly pension,2023-09-27,Report
https://www.taipeitimes.com/News/taiwan/archives/2023/09/27/2003806847,Haiti focused on internal problems at UN: official,2023-09-27,Report
https://www.taipeitimes.com/News/front/archives/2023/09/27/2003806838,"Australians tout warm, strong relations",2023-09-27,Report
https://www.taipeitimes.com/News/editorials/archives/2023/09/27/2003806836,The roots of the global water crisis,2023-09-27,Report
https://www.taipeitimes.com/News/taiwan/archives/2023/09/26/2003806820,Ministry offering prizes for old phones in October,2023-09-26,Report
https://www.taipeitimes.com/News/taiwan/archives/2023/09/26/2003806796,Tsai seeks home support from overseas Taiwanese,2023-09-26,Report
https://www.taipeitimes.com/News/sport/archives/2023/09/26/2003806795,SPORTS BRIEFS,2023-09-26,Report
https://www.taipeitimes.com/News/sport/archives/2023/09/26/2003806792,India trio claim first world record at Asian Games,2023-09-26,Report
https://www.taipeitimes.com/News/sport/archives/2023/09/26/2003806791,Breakers Banevic and Montalvo qualify for Olympics,2023-09-26,Report
https://www.taipeitimes.com/News/feat/archives/2023/09/26/2003806784,Seafaring culture unites tribes,2023-09-26,Report
https://www.taipeitimes.com/News/editorials/archives/2023/09/26/2003806783,"Putin is winning his grain war, pitting Poland against Ukraine",2023-09-26,Report
https://www.taipeitimes.com/News/biz/archives/2023/09/26/2003806773,Altman: No need to fear regulation,2023-09-26,Report
https://www.taipeitimes.com/News/taiwan/archives/2023/09/25/2003806756,Cheerleaders,2023-09-25,Report
https://www.taipeitimes.com/News/taiwan/archives/2023/09/25/2003806755,Taiwan News Quick Take,2023-09-25,Report
https://www.taipeitimes.com/News/sport/archives/2023/09/25/2003806744,China make golden start on first day of Asian Games,2023-09-25,Report
https://www.taipeitimes.com/News/front/archives/2023/09/25/2003806736,Taiwan nab first gold at Asian Games,2023-09-25,Report
https://www.taipeitimes.com/News/feat/archives/2023/09/25/2003806735,Notes from Central Taiwan: What is China preparing for?,2023-09-25,Report
https://www.taipeitimes.com/News/taiwan/archives/2023/09/24/2003806705,PINGTUNG BLAZE: Calls start for a national police and firefighters union,2023-09-24,Report
https://www.taipeitimes.com/News/sport/archives/2023/09/24/2003806700,Asian Games in Hangzhou open,2023-09-24,Report
https://www.taipeitimes.com/News/front/archives/2023/09/24/2003806694,Taiwanese press members denied Games access,2023-09-24,Report
https://www.taipeitimes.com/News/editorials/archives/2023/09/24/2003806688,"Big tech drags feet on climate disinformation, advocates warn",2023-09-24,Report
https://www.taipeitimes.com/News/biz/archives/2023/09/24/2003806682,Scientists find missing ingredient for pink diamonds,2023-09-24,Report
https://www.taipeitimes.com/News/front/archives/2023/09/23/2003806651,Naurus Kun supports Taiwans UN inclusion,2023-09-23,Report
https://www.taipeitimes.com/News/feat/archives/2023/09/23/2003806648,Paddling out of Taiwan,2023-09-23,Report
https://www.taipeitimes.com/News/editorials/archives/2023/09/23/2003806640,EDITORIAL: How Taiwan should handle PLA drills,2023-09-23,Report
https://www.taipeitimes.com/News/taiwan/archives/2023/09/22/2003806621,Open base,2023-09-22,Report
https://www.taipeitimes.com/News/taiwan/archives/2023/09/22/2003806619,Hou pushes friend-shoring to reduce reliance on China,2023-09-22,Report
https://www.taipeitimes.com/News/taiwan/archives/2023/09/22/2003806613,Indonesia office bans non-religious events for workers,2023-09-22,Report
https://www.taipeitimes.com/News/sport/archives/2023/09/22/2003806609,Glum mood overshadows the Asian Games,2023-09-22,Report
https://www.taipeitimes.com/News/feat/archives/2023/09/22/2003806598,Has the age of the pocket arrived?,2023-09-22,Report
https://www.taipeitimes.com/News/editorials/archives/2023/09/22/2003806589,EDITORIAL: Vice presidents do matter,2023-09-22,Report
https://www.taipeitimes.com/News/sport/archives/2023/09/20/2003806510,"Watt lifts Steelers past Browns, Chubb injured",2023-09-20,Report
https://www.taipeitimes.com/News/feat/archives/2023/09/20/2003806500,How thinking in a foreign language improves decision-making,2023-09-20,Report
https://www.taipeitimes.com/News/biz/archives/2023/09/20/2003806490,"Taiwan, US officials talk investment at Taipei forum",2023-09-20,Report
https://www.taipeitimes.com/News/biz/archives/2023/09/20/2003806488,Arizona in packaging talks with TSMC,2023-09-20,Report
https://www.taipeitimes.com/News/taiwan/archives/2023/09/19/2003806474,Nocturnal date,2023-09-19,Report
https://www.taipeitimes.com/News/taiwan/archives/2023/09/19/2003806465,Two free concerts to be held over the weekend,2023-09-19,Report
https://www.taipeitimes.com/News/sport/archives/2023/09/19/2003806459,Taiwanese gymnast Tang wins gold medal in Paris,2023-09-19,Report
https://www.taipeitimes.com/News/front/archives/2023/09/19/2003806454,Talent supply critical to chip success: Chang,2023-09-19,Report
https://www.taipeitimes.com/News/taiwan/archives/2023/09/18/2003806422,Beat that,2023-09-18,Report
https://www.taipeitimes.com/News/taiwan/archives/2023/09/18/2003806420,Hakka event,2023-09-18,Report
https://www.taipeitimes.com/News/taiwan/archives/2023/09/18/2003806415,NARLabs shares Taiwans achievements in London,2023-09-18,Report
https://www.taipeitimes.com/News/taiwan/archives/2023/09/18/2003806408,"Chinese drills showcased for the US, not Taiwan",2023-09-18,Report
https://www.taipeitimes.com/News/biz/archives/2023/09/18/2003806388,Shiny,2023-09-18,Report
https://www.taipeitimes.com/News/world/archives/2023/09/17/2003806377,Aid groups warn of Libya disease risk,2023-09-17,Report
https://www.taipeitimes.com/News/taiwan/archives/2023/09/17/2003806375,Rocking the beach,2023-09-17,Report
https://www.taipeitimes.com/News/taiwan/archives/2023/09/17/2003806373,Hsinchu Mayor Kao issues a video apology,2023-09-17,Report
https://www.taipeitimes.com/News/taiwan/archives/2023/09/17/2003806370,Group calls for Taiwan constitution,2023-09-17,Report
https://www.taipeitimes.com/News/editorials/archives/2023/09/17/2003806343,How to keep Taiwan online in war,2023-09-17,Report
https://www.taipeitimes.com/News/world/archives/2023/09/16/2003806334,Ancient population study questioned,2023-09-16,Report
https://www.taipeitimes.com/News/taiwan/archives/2023/09/16/2003806326,Taiwan News Quick Take,2023-09-16,Report
https://www.taipeitimes.com/News/taiwan/archives/2023/09/16/2003806317,Fair spreads awareness,2023-09-16,Report
https://www.taipeitimes.com/News/editorials/archives/2023/09/16/2003806298,EDITORIAL: Deploying AI to fight disinformation,2023-09-16,Report
https://www.taipeitimes.com/News/biz/archives/2023/09/15/2003806285,Northrop Grumman pledges US$100 million for Taiwan projects in 2024,2023-09-15,Report
https://www.taipeitimes.com/News/world/archives/2023/09/15/2003806281,Mexican Congress shown bodies of non-humans,2023-09-15,Report
https://www.taipeitimes.com/News/world/archives/2023/09/15/2003806279,Greenpeace seeks treaty to address overfishing,2023-09-15,Report
https://www.taipeitimes.com/News/taiwan/archives/2023/09/15/2003806275,Festival time,2023-09-15,Report
https://www.taipeitimes.com/News/taiwan/archives/2023/09/15/2003806271,TPP whistle-blower platform partner quits project,2023-09-15,Report
https://www.taipeitimes.com/News/taiwan/archives/2023/09/15/2003806266,China Airlines unveils membership day plans,2023-09-15,Report
https://www.taipeitimes.com/News/sport/archives/2023/09/15/2003806261,North Korea set to end its years-long sporting isolation at Asian Games,2023-09-15,Report
https://www.taipeitimes.com/News/sport/archives/2023/09/15/2003806259,"Kuss loses time, but keeps red jersey after Roglic win",2023-09-15,Report
https://www.taipeitimes.com/News/front/archives/2023/09/15/2003806253,Gou names Tammy Lai as running mate,2023-09-15,Report
https://www.taipeitimes.com/News/editorials/archives/2023/09/15/2003806246,COVID-19s lessons for climate action,2023-09-15,Report
https://www.taipeitimes.com/News/editorials/archives/2023/09/15/2003806244,Three proposals for flood prepping,2023-09-15,Report
https://www.taipeitimes.com/News/biz/archives/2023/09/15/2003806238,Taiwan defense expo returns after four-year hiatus,2023-09-15,Report
https://www.taipeitimes.com/News/taiwan/archives/2023/09/14/2003806216,DPPs Fan criticizes Kos bizarre diabetes analogy,2023-09-14,Report
https://www.taipeitimes.com/News/editorials/archives/2023/09/14/2003806189,EDITORIAL: Countering CCP election meddling,2023-09-14,Report
https://www.taipeitimes.com/News/biz/archives/2023/09/14/2003806184,Apple bows to the EU and unveils Type-C iPhone,2023-09-14,Report
https://www.taipeitimes.com/News/taiwan/archives/2023/09/13/2003806168,Digital healthcare focus of Taipei APEC workshop,2023-09-13,Report
https://www.taipeitimes.com/News/taiwan/archives/2023/09/13/2003806167,Subsidies to foster higher education to be increased,2023-09-13,Report
https://www.taipeitimes.com/News/taiwan/archives/2023/09/13/2003806163,Mayor Kao denies boyfriend meddled in citys affairs,2023-09-13,Report
https://www.taipeitimes.com/News/taiwan/archives/2023/09/13/2003806160,Chinese downturn raises Taiwan risks: Gallagher,2023-09-13,Report
https://www.taipeitimes.com/News/front/archives/2023/09/13/2003806153,Student jailed in HK for planning banner protest,2023-09-13,Report
https://www.taipeitimes.com/News/editorials/archives/2023/09/13/2003806144,Showcasing youngsters vision on CKS park,2023-09-13,Report
https://www.taipeitimes.com/News/biz/archives/2023/09/13/2003806140,Apple planning to sell made-in-India iPhones on launch day for first time,2023-09-13,Report
https://www.taipeitimes.com/News/taiwan/archives/2023/09/12/2003806133,Cellphone disaster-warning system to be tested Wednesday,2023-09-12,Report
https://www.taipeitimes.com/News/world/archives/2023/09/12/2003806124,US marks 22 years since 9/11 attacks,2023-09-12,Report
https://www.taipeitimes.com/News/taiwan/archives/2023/09/12/2003806122,Current events,2023-09-12,Report
https://www.taipeitimes.com/News/taiwan/archives/2023/09/12/2003806113,Navy requesting NT$616.2m for dry dock cranes,2023-09-12,Report
https://www.taipeitimes.com/News/sport/archives/2023/09/12/2003806109,SPORTS BRIEFS,2023-09-12,Report
https://www.taipeitimes.com/News/sport/archives/2023/09/12/2003806106,Germany hold off Serbia to win 1st Basketball Cup,2023-09-12,Report
https://www.taipeitimes.com/News/world/archives/2023/09/11/2003806077,Alliance unveils historic modern-day Spice Route,2023-09-11,Report
https://www.taipeitimes.com/News/taiwan/archives/2023/09/11/2003806067,Taiwanese hold parade in NY to support UN bid,2023-09-11,Report
https://www.taipeitimes.com/News/taiwan/archives/2023/09/11/2003806063,FEATURE: Blue train tour a glimpse of the 80s,2023-09-11,Report
https://www.taipeitimes.com/News/sport/archives/2023/09/11/2003806061,LoL league seeks revival starting with Taipei finals,2023-09-11,Report
https://www.taipeitimes.com/News/sport/archives/2023/09/11/2003806060,Strickland stuns Adesanya to take middleweight title,2023-09-11,Report
https://www.taipeitimes.com/News/editorials/archives/2023/09/11/2003806048,Indias military studying options for any China-Taiwan war,2023-09-11,Report
https://www.taipeitimes.com/News/world/archives/2023/09/10/2003806030,"Russia, China officials visit N Korea",2023-09-10,Report
https://www.taipeitimes.com/News/taiwan/archives/2023/09/10/2003806024,"Safe Taiwan, safe world, president says",2023-09-10,Report
https://www.taipeitimes.com/News/sport/archives/2023/09/10/2003806014,Medvedev defeats Alcaraz,2023-09-10,Report
https://www.taipeitimes.com/News/sport/archives/2023/09/10/2003806013,Skateboarding girl to represent Taiwan in China,2023-09-10,Report
https://www.taipeitimes.com/News/front/archives/2023/09/10/2003806008,US committee to hold war game for businesspeople,2023-09-10,Report
https://www.taipeitimes.com/News/editorials/archives/2023/09/10/2003806004,It is OK to laugh at Burning Man attendees mired in the mud,2023-09-10,Report
https://www.taipeitimes.com/News/editorials/archives/2023/09/10/2003805998,The effects of Asos Taipei speech,2023-09-10,Report
https://www.taipeitimes.com/News/taiwan/archives/2023/09/09/2003805984,Book launch,2023-09-09,Report
https://www.taipeitimes.com/News/taiwan/archives/2023/09/09/2003805983,Travel talk,2023-09-09,Report
https://www.taipeitimes.com/News/taiwan/archives/2023/09/09/2003805978,India studies response to potential Taiwan invasion,2023-09-09,Report
https://www.taipeitimes.com/News/sport/archives/2023/09/09/2003805970,NBAs Michael Porter Jr attends CTBC Bank events in Taipei,2023-09-09,Report
https://www.taipeitimes.com/News/front/archives/2023/09/09/2003805966,"Philippines, Australia ink strategic partnership deal",2023-09-09,Report
https://www.taipeitimes.com/News/editorials/archives/2023/09/09/2003805957,Deterrability: diverging US views,2023-09-09,Report
https://www.taipeitimes.com/News/taiwan/archives/2023/09/08/2003805937,Animated chief,2023-09-08,Report
https://www.taipeitimes.com/News/taiwan/archives/2023/09/08/2003805925,Lai backs standing with global religious leaders,2023-09-08,Report
https://www.taipeitimes.com/News/sport/archives/2023/09/08/2003805924,Taiwan claim silver at Asian table tennis event,2023-09-08,Report
https://www.taipeitimes.com/News/sport/archives/2023/09/08/2003805922,France and NZ to open Rugby World Cup,2023-09-08,Report
https://www.taipeitimes.com/News/feat/archives/2023/09/08/2003805913,Should we name heatwaves as we do other extreme weather events?,2023-09-08,Report
https://www.taipeitimes.com/News/biz/archives/2023/09/08/2003805902,Safe journey,2023-09-08,Report
https://www.taipeitimes.com/News/taiwan/archives/2023/09/07/2003805874,Hyperlipidemia might be underdiagnosed: group,2023-09-07,Report
https://www.taipeitimes.com/News/sport/archives/2023/09/07/2003805872,NBAs Michael Porter Jr arrives for baseball event,2023-09-07,Report
https://www.taipeitimes.com/News/sport/archives/2023/09/07/2003805871,US devastate Italy at FIBA World Cup,2023-09-07,Report
https://www.taipeitimes.com/News/editorials/archives/2023/09/07/2003805857,Is the US reverting to isolationism?,2023-09-07,Report
https://www.taipeitimes.com/News/taiwan/archives/2023/09/06/2003805835,Campaign Gou,2023-09-06,Report
https://www.taipeitimes.com/News/taiwan/archives/2023/09/06/2003805833,"KMT, DPP trade barbs over National Day logo",2023-09-06,Report
https://www.taipeitimes.com/News/taiwan/archives/2023/09/06/2003805829,TPP denies Ko Wen-je reached a deal with the KMT,2023-09-06,Report
https://www.taipeitimes.com/News/feat/archives/2023/09/06/2003805811,Chinas Pacific Games gifts stir controversy in Solomon Islands,2023-09-06,Report
https://www.taipeitimes.com/News/front/archives/2023/09/05/2003805770,"Li, not Xi, to lead Chinas delegation to G20 summit",2023-09-05,Report
https://www.taipeitimes.com/News/front/archives/2023/09/05/2003805767,Taiwan hauls record medals at tug-of-war event,2023-09-05,Report
https://www.taipeitimes.com/News/editorials/archives/2023/09/05/2003805758,Distortions of higher expectations,2023-09-05,Report
https://www.taipeitimes.com/News/biz/archives/2023/09/05/2003805754,Telsa jostles with Chinese rivals at German car show,2023-09-05,Report
https://www.taipeitimes.com/News/world/archives/2023/09/04/2003805747,Tens of thousands stranded in mud at Burning Man,2023-09-04,Report
https://www.taipeitimes.com/News/world/archives/2023/09/04/2003805741,Pope highlights Mongolias diversity,2023-09-04,Report
https://www.taipeitimes.com/News/sport/archives/2023/09/04/2003805728,Gane KOs Spivak and Fiorot stakes title claim in Paris,2023-09-04,Report
https://www.taipeitimes.com/News/front/archives/2023/09/04/2003805722,Netanyahu wants Eritreans linked to clashes deported,2023-09-04,Report
https://www.taipeitimes.com/News/editorials/archives/2023/09/04/2003805716,The US and its allies see opportunity  and risk in Chinas slowing economy,2023-09-04,Report
https://www.taipeitimes.com/News/sport/archives/2023/09/03/2003805685,Taiwanese teams claim four golds at tug-of-war event,2023-09-03,Report
https://www.taipeitimes.com/News/editorials/archives/2023/09/03/2003805674,UKs wavering commitment to protecting global media freedom,2023-09-03,Report
https://www.taipeitimes.com/News/editorials/archives/2023/09/03/2003805667,EDITORIAL: Gou is not a liar-in-training,2023-09-03,Report
https://www.taipeitimes.com/News/world/archives/2023/09/02/2003805663,World News Quick Take,2023-09-02,Report
https://www.taipeitimes.com/News/taiwan/archives/2023/09/02/2003805651,No sign of Gou-opposition alliance,2023-09-02,Report
https://www.taipeitimes.com/News/taiwan/archives/2023/09/02/2003805650,VP urges youth to connect with rest of the world,2023-09-02,Report
https://www.taipeitimes.com/News/taiwan/archives/2023/09/02/2003805649,Taiwan at top of Xis agenda: ministry,2023-09-02,Report
https://www.taipeitimes.com/News/sport/archives/2023/09/02/2003805639,Taipei rugby 10s to return,2023-09-02,Report
https://www.taipeitimes.com/News/world/archives/2023/09/01/2003805610,World News Quick Take,2023-09-01,Report
https://www.taipeitimes.com/News/world/archives/2023/09/01/2003805606,Six nations hold war drills in Indonesia,2023-09-01,Report
https://www.taipeitimes.com/News/taiwan/archives/2023/09/01/2003805599,The Presbyterian Church and other support groups embrace Lais bid,2023-09-01,Report
https://www.taipeitimes.com/News/taiwan/archives/2023/09/01/2003805593,New trains safety features touted,2023-09-01,Report
https://www.taipeitimes.com/News/sport/archives/2023/09/01/2003805591,SPORTS BRIEFS,2023-09-01,Report
https://www.taipeitimes.com/News/sport/archives/2023/09/01/2003805588,Djokovic and Swiatek advance,2023-09-01,Report
https://www.taipeitimes.com/News/front/archives/2023/09/01/2003805587,Fire at illegal housing block in S Africa kills 73,2023-09-01,Report
https://www.taipeitimes.com/News/front/archives/2023/09/01/2003805586,"N Korea simulates nuclear attacks on, occupation of rival",2023-09-01,Report
https://www.taipeitimes.com/News/editorials/archives/2023/09/01/2003805572,EDITORIAL: The KMTs Achilles heel,2023-09-01,Report
https://www.taipeitimes.com/News/biz/archives/2023/09/01/2003805566,Nvidia partner expects sales to double,2023-09-01,Report
https://www.taipeitimes.com/News/taiwan/archives/2023/08/31/2003805552,Taiwan asserts right to conduct drills on Itu Aba Island,2023-08-31,Report
https://www.taipeitimes.com/News/taiwan/archives/2023/08/31/2003805551,Taipei hosts GCTF aviation sustainability workshop,2023-08-31,Report
https://www.taipeitimes.com/News/sport/archives/2023/08/31/2003805540,India chess star celebrated at home,2023-08-31,Report
https://www.taipeitimes.com/News/feat/archives/2023/08/31/2003805531,Japans century of efforts to tame earthquakes,2023-08-31,Report
https://www.taipeitimes.com/News/biz/archives/2023/08/31/2003805520,Fill er up,2023-08-31,Report
https://www.taipeitimes.com/News/biz/archives/2023/08/31/2003805516,Huawei mystery phone rallies China against US curbs,2023-08-31,Report
https://www.taipeitimes.com/News/taiwan/archives/2023/08/30/2003805497,Kaohsiung science exhibit showcases Nobel laureate,2023-08-30,Report
https://www.taipeitimes.com/News/sport/archives/2023/08/30/2003805488,SPORTS BRIEFS,2023-08-30,Report
https://www.taipeitimes.com/News/feat/archives/2023/08/30/2003805478,Climate activists roast Burning Man,2023-08-30,Report
https://www.taipeitimes.com/News/editorials/archives/2023/08/30/2003805477,"A post-privilege era is possible, but who will be first?",2023-08-30,Report
https://www.taipeitimes.com/News/editorials/archives/2023/08/30/2003805474,Ex-health ministers toxic talk is unfortunate,2023-08-30,Report
https://www.taipeitimes.com/News/world/archives/2023/08/29/2003805458,Riders get as bare as they dare in US naked bike ride,2023-08-29,Report
https://www.taipeitimes.com/News/taiwan/archives/2023/08/29/2003805452,Meet and greet,2023-08-29,Report
https://www.taipeitimes.com/News/taiwan/archives/2023/08/29/2003805444,Health minister condemns domestic violence remark,2023-08-29,Report
https://www.taipeitimes.com/News/sport/archives/2023/08/29/2003805441,Kunlavut spills blood to win Thailands first BWF World Championships crown,2023-08-29,Report
https://www.taipeitimes.com/News/sport/archives/2023/08/29/2003805439,Biles wins record eighth US all-around title,2023-08-29,Report
https://www.taipeitimes.com/News/sport/archives/2023/08/29/2003805437,Mahuchikh delivers Ukraine world gold,2023-08-29,Report
https://www.taipeitimes.com/News/feat/archives/2023/08/29/2003805431,The fight over a dangerous ideology shaping AI debate,2023-08-29,Report
https://www.taipeitimes.com/News/world/archives/2023/08/28/2003805410,Haiti gang shoots armed protesters led by pastor,2023-08-28,Report
https://www.taipeitimes.com/News/world/archives/2023/08/28/2003805409,Volunteers join new search for Loch Ness Monster,2023-08-28,Report
